first_name,last_name,gender,email,phone_number
Arjun,Sharma,Male,arjun.sharma@example.com,9810155501
Sonia,Verma,Female,sonia.verma@example.com,9810155502
Rohan,Gupta,Male,rohan.gupta@example.com,9810155503
Anjali,Singh,Female,anjali.singh@example.com,9810155504
Manish,Yadav,Male,manish.yadav@example.com,9810155505
Priya,Mishra,Female,priya.mishra@example.com,9810155506
Harish,Chaudhary,Male,harish.chaudhary@example.com,9810155507
Meera,Dubey,Female,meera.dubey@example.com,9810155508
Vikram,Tiwari,Male,vikram.tiwari@example.com,9810155509
Divya,Pandey,Female,divya.pandey@example.com,9810155510
Rahul,Kumar,Male,rahul.kumar@example.com,9810155511
Pooja,Rao,Female,pooja.rao@example.com,9810155512
Sanjay,Agarwal,Male,sanjay.agarwal@example.com,9810155513
Sneha,Jain,Female,sneha.jain@example.com,9810155514
Amit,Malhotra,Male,amit.malhotra@example.com,9810155515
Reena,Arora,Female,reena.arora@example.com,9810155516
Vivek,Kapoor,Male,vivek.kapoor@example.com,9810155517
Kavita,Bhatnagar,Female,kavita.bhatnagar@example.com,9810155518
Deepak,Mehta,Male,deepak.mehta@example.com,9810155519
Simran,Shah,Female,simran.shah@example.com,9810155520